{
    "Objects": [
        {
            "name": "ZmbM_Santa",
            "pos": [
                12155.6689453125,
                139.95091247558595,
                12503.787109375
            ],
            "ypr": [
                0.0,
                0.0,
                -0.0
            ],
            "scale": 0.9999998807907105,
            "enableCEPersistency": 0
        },
        {
            "name": "ZmbM_Santa",
            "pos": [
                12179.8701171875,
                139.9826202392578,
                12504.9345703125
            ],
            "ypr": [
                0.0,
                -0.0,
                -0.0
            ],
            "scale": 0.9999997615814209,
            "enableCEPersistency": 0
        }
    ]
}