{
    "Objects": [
        {
            "name": "Land_Mil_ControlTower",
            "pos": [
                3999.393798828125,
                377.29583740234377,
                11699.2861328125
            ],
            "ypr": [
                58.29763412475586,
                -0.0,
                -0.0
            ],
            "scale": 0.9999767541885376,
            "enableCEPersistency": 0
        },
        {
            "name": "Wreck_SantasSleigh",
            "pos": [
                3999.974853515625,
                386.9253234863281,
                11700.2041015625
            ],
            "ypr": [
                0.0,
                -0.0,
                -0.0
            ],
            "scale": 0.9999998211860657,
            "enableCEPersistency": 0
        }
    ]
}