{
    "Objects": [
        {
            "name": "StaticObj_Misc_Gunrack",
            "pos": [
                6063.58984375,
                30.409893035888673,
                494.2349853515625
            ],
            "ypr": [
                -38.20000076293945,
                0.0,
                0.0
            ],
            "scale": 0.9999979734420776,
            "enableCEPersistency": 0
        }
    ]
}