{
    "Objects": [
        {
            "name": "Land_Underground_Storage_Prison",
            "pos": [
                14748.6953125,
                6.813554286956787,
                9337.955078125
            ],
            "ypr": [
                -65.24518585205078,
                0.0,
                -0.0
            ],
            "scale": 1.0000016689300538,
            "enableCEPersistency": 0
        },
        {
            "name": "Land_Wall_Gate_Fen2_L",
            "pos": [
                14757.4921875,
                7.928180694580078,
                9332.341796875
            ],
            "ypr": [
                -65.24518585205078,
                0.0,
                -0.0
            ],
            "scale": 1.0000016689300538,
            "enableCEPersistency": 0
        },
        {
            "name": "Land_Wall_Gate_Fen2_R",
            "pos": [
                14758.77734375,
                7.928180694580078,
                9335.138671875
            ],
            "ypr": [
                -65.24518585205078,
                0.0,
                -0.0
            ],
            "scale": 1.0000016689300538,
            "enableCEPersistency": 0
        },
        {
            "name": "StaticObj_Wall_PipeFenceWall_8",
            "pos": [
                14758.107421875,
                10.965420722961426,
                9333.748046875
            ],
            "ypr": [
                -65.24520111083985,
                0.0,
                -179.99998474121095
            ],
            "scale": 0.9999994039535523,
            "enableCEPersistency": 0
        }
    ]
}