{
    "Objects": [
        {
            "name": "Land_Farm_Watertower",
            "pos": [
                1775.47021484375,
                268.7775573730469,
                12110.8076171875
            ],
            "ypr": [
                0.0,
                0.0,
                -0.0
            ],
            "scale": 1.0,
            "enableCEPersistency": 0
        },
        {
            "name": "Land_Water_Station",
            "pos": [
                1773.8065185546876,
                262.9798583984375,
                12115.1015625
            ],
            "ypr": [
                -126.00004577636719,
                0.0,
                -0.0
            ],
            "scale": 1.0,
            "enableCEPersistency": 0
        },
        {
            "name": "Land_Misc_Well_Pump_Yellow",
            "pos": [
                1773.185546875,
                261.9356689453125,
                12114.2265625
            ],
            "ypr": [
                -135.0000457763672,
                0.0,
                -0.0
            ],
            "scale": 1.0,
            "enableCEPersistency": 0
        }
    ]
}