{
    "Objects": [
        {
            "name": "StaticObj_Furniture_conference_table_a",
            "pos": [
                2170.52783203125,
                91.99520874023438,
                3347.7763671875
            ],
            "ypr": [
                3.599999189376831,
                -0.0,
                -0.0
            ],
            "scale": 0.9999998807907105,
            "enableCEPersistency": 0
        },
        {
            "name": "StaticObj_Furniture_conference_table_a",
            "pos": [
                13799.603515625,
                24.201505661010743,
                11143.2177734375
            ],
            "ypr": [
                -112.91922760009766,
                0.0,
                -0.0
            ],
            "scale": 1.0000064373016358,
            "enableCEPersistency": 0
        }
    ]
}