{
    "Objects": [
        {
            "name": "GiftBox_Small_1",
            "pos": [
                10290.962890625,
                172.8352508544922,
                10995.947265625
            ],
            "ypr": [
                0.0,
                0.0,
                0.0
            ],
            "scale": 0.9999998211860657,
            "enableCEPersistency": 0
        },
        {
            "name": "GiftBox_Small_2",
            "pos": [
                10042.400390625,
                263.7550048828125,
                11541.7998046875
            ],
            "ypr": [
                0.0,
                0.0,
                0.0
            ],
            "scale": 0.9999998211860657,
            "enableCEPersistency": 0
        }
    ]
}